{"cameraMode":{"drawMode":0,"name":"Shaded","section":"Shading Mode"},"sceneLighting":true,"audioPlay":false,"sceneViewState":{"m_AlwaysRefresh":false,"showFog":true,"showSkybox":true,"showFlares":true,"showImageEffects":true,"showParticleSystems":true,"showVisualEffectGraphs":true,"m_FxEnabled":true},"in2DMode":false,"pivot":{"x":-1.5984598398208619,"y":0.12440120428800583,"z":-0.35633084177970889},"rotation":{"x":-0.13439838588237763,"y":0.6513516306877136,"z":-0.11873435229063034,"w":-0.7372793555259705},"size":8.111393928527832,"orthographic":false}